{
    "type": "application",
    "source-directories": [
        "src"
    ],
    "elm-version": "0.19.1",
    "dependencies": {
        "direct": {
            "elm/core": "1.0.3",
            "elm/json": "1.1.3"
        },
        "indirect": {}
    },
    "test-dependencies": {
        "direct": {
            "elm-explorations/test": "2.2.0"
        },
        "indirect": {
            "elm/bytes": "1.0.8",
            "elm/html": "1.0.0",
            "elm/random": "1.0.0",
            "elm/time": "1.0.0",
            "elm/virtual-dom": "1.0.3"
        }
    }
}
